,Top_100,Top_1K,Top_10K,Top_50K,Top_100K,Top_250K,Top_500K
transfers,0.6666666666666666,0.722,0.7915,0.90625,1.089,1.3225333333333333,1.4908
