,Top_100,Top_1K,Top_10K,Top_50K,Top_100K,Top_250K,Top_500K
transfers,0.9733333333333334,1.336,1.3285,1.3555,1.3024,1.3287333333333333,1.33072
