,Top_100,Top_1K,Top_10K,Top_50K,Top_100K,Top_250K,Top_500K
transfers,15.866666666666667,14.518,12.847,10.8885,9.3494,7.403333333333333,5.47648
