,Top_100,Top_1K,Top_10K,Top_50K,Top_100K,Top_250K,Top_500K
transfers,1.2533333333333334,1.434,1.3615,1.3065,1.2576,1.3021333333333334,1.3174
