,Top_100,Top_1K,Top_10K,Top_50K,Top_100K,Top_250K,Top_500K
wildcard,5.333333333333334,3.4000000000000004,2.75,2.275,2.34,2.666666666666667,2.932
freehit,0.0,0.2,0.25,0.075,0.13999999999999999,0.23333333333333336,0.28800000000000003
bboost,0.0,3.4000000000000004,1.95,2.625,2.52,2.56,2.716
3xc,10.666666666666668,4.0,5.800000000000001,6.1,7.16,7.426666666666666,8.576
