,Top_100,Top_1K,Top_10K,Top_50K,Top_100K,Top_250K,Top_500K
transfers,1.6266666666666667,1.572,1.4975,1.4555,1.4352,1.4089333333333334,1.37908
