,Top_100,Top_1K,Top_10K,Top_50K,Top_100K,Top_250K,Top_500K
transfers,1.12,1.2,1.064,1.12225,1.0898,1.0956666666666666,1.11224
