,Top_100,Top_1K,Top_10K,Top_50K,Top_100K,Top_250K,Top_500K
transfers,1.6933333333333334,1.536,1.68,1.74525,1.859,1.7816666666666667,1.6762
