,Top_100,Top_1K,Top_10K,Top_50K,Top_100K,Top_250K,Top_500K
wildcard,2.666666666666667,0.0,0.5,0.375,0.6799999999999999,0.8533333333333334,1.256
freehit,1.3333333333333335,4.0,4.15,4.375,5.34,6.846666666666666,8.459999999999999
bboost,0.0,0.0,0.0,0.0,0.0,0.0,0.024
3xc,0.0,0.0,0.05,0.0,0.1,0.11333333333333334,0.116
