,Top_100,Top_1K,Top_10K,Top_50K,Top_100K,Top_250K,Top_500K
transfers,1.6533333333333333,1.788,2.045,2.129,2.2452,2.4226,2.54584
