,Top_100,Top_1K,Top_10K,Top_50K,Top_100K,Top_250K,Top_500K
transfers,0.0,0.0,0.0705,0.20125,0.2376,0.2972666666666667,0.34908
