,Top_100,Top_1K,Top_10K,Top_50K,Top_100K,Top_250K,Top_500K
wildcard,1.3333333333333335,2.0,3.8,3.85,3.7600000000000002,3.8066666666666666,3.5520000000000005
freehit,0.0,0.0,0.15,0.075,0.18,0.16,0.252
bboost,4.0,7.199999999999999,3.65,3.6249999999999996,3.08,2.32,2.084
3xc,0.0,4.0,1.4000000000000001,0.8750000000000001,0.9400000000000001,1.0333333333333332,1.1520000000000001
