,Top_100,Top_1K,Top_10K,Top_50K,Top_100K,Top_250K,Top_500K
wildcard,5.333333333333334,2.6,3.5999999999999996,4.8,3.7800000000000002,3.7666666666666666,3.66
freehit,0.0,0.0,0.25,0.125,0.24,0.19333333333333333,0.27999999999999997
bboost,8.0,6.800000000000001,6.05,3.025,2.94,2.2399999999999998,2.04
3xc,0.0,3.4000000000000004,1.5,0.8,0.7799999999999999,1.0266666666666666,0.972
