,Top_100,Top_1K,Top_10K,Top_50K,Top_100K,Top_250K,Top_500K
wildcard,5.333333333333334,3.0,3.9,3.675,3.9,3.4799999999999995,3.508
freehit,0.0,0.0,0.25,0.15,0.24,0.22,0.232
bboost,8.0,8.200000000000001,4.7,3.4750000000000005,2.64,2.4866666666666664,2.088
3xc,0.0,1.2,1.25,0.975,0.9400000000000001,0.8266666666666667,1.08
