,Top_100,Top_1K,Top_10K,Top_50K,Top_100K,Top_250K,Top_500K
wildcard,1.3333333333333335,2.8000000000000003,3.5000000000000004,4.025,3.62,3.546666666666667,3.5680000000000005
freehit,0.0,0.0,0.25,0.22499999999999998,0.13999999999999999,0.13999999999999999,0.252
bboost,5.333333333333334,7.8,4.8500000000000005,3.65,2.62,2.1999999999999997,2.04
3xc,0.0,2.4,1.2,0.625,0.86,0.9400000000000001,1.064
