,Top_100,Top_1K,Top_10K,Top_50K,Top_100K,Top_250K,Top_500K
wildcard,2.666666666666667,4.3999999999999995,3.75,3.75,3.56,3.64,3.708
freehit,0.0,0.0,0.4,0.025,0.26,0.2,0.22799999999999998
bboost,6.666666666666667,5.2,4.6,2.9749999999999996,2.8400000000000003,2.666666666666667,2.092
3xc,0.0,2.8000000000000003,0.8999999999999999,0.8250000000000001,0.98,1.0999999999999999,1.052
