,Top_100,Top_1K,Top_10K,Top_50K,Top_100K,Top_250K,Top_500K
wildcard,5.333333333333334,2.0,3.75,4.1000000000000005,3.6799999999999997,3.66,3.5159999999999996
freehit,0.0,0.0,0.05,0.17500000000000002,0.26,0.2866666666666667,0.22
bboost,2.666666666666667,5.2,5.1499999999999995,3.4750000000000005,2.98,2.2933333333333334,2.1239999999999997
3xc,0.0,2.8000000000000003,1.2,0.8750000000000001,1.06,0.8066666666666666,1.02
