,Top_100,Top_1K,Top_10K,Top_50K,Top_100K,Top_250K,Top_500K
transfers,1.12,1.09,1.1965,1.20625,1.1692,1.1488666666666667,1.13008
