,Top_100,Top_1K,Top_10K,Top_50K,Top_100K,Top_250K,Top_500K
transfers,1.0533333333333332,1.068,1.1095,1.157,1.204,1.1681333333333332,1.1364
