,Top_100,Top_1K,Top_10K,Top_50K,Top_100K,Top_250K,Top_500K
transfers,1.1733333333333333,1.128,1.197,1.1695,1.1842,1.1656666666666666,1.13536
