,Top_100,Top_1K,Top_10K,Top_50K,Top_100K,Top_250K,Top_500K
transfers,1.1866666666666668,1.19,1.2365,1.193,1.1822,1.1689333333333334,1.14604
