,Top_100,Top_1K,Top_10K,Top_50K,Top_100K,Top_250K,Top_500K
transfers,1.2666666666666666,1.13,1.195,1.1935,1.1568,1.1622666666666666,1.14152
