,Top_100,Top_1K,Top_10K,Top_50K,Top_100K,Top_250K,Top_500K
transfers,1.4133333333333333,1.104,1.21,1.25925,1.1556,1.1760666666666666,1.15436
