,Top_100,Top_1K,Top_10K,Top_50K,Top_100K,Top_250K,Top_500K
wildcard,6.666666666666667,0.2,1.05,0.7000000000000001,0.9400000000000001,0.96,1.46
freehit,0.0,0.6,0.6,0.5499999999999999,0.38,0.3933333333333333,0.516
bboost,10.666666666666668,3.5999999999999996,2.8000000000000003,1.825,1.24,1.2666666666666666,0.96
3xc,21.333333333333336,14.000000000000002,6.6000000000000005,3.15,2.32,2.0533333333333332,2.0
