,Top_100,Top_1K,Top_10K,Top_50K,Top_100K,Top_250K,Top_500K
transfers,7.12,6.54,5.3495,6.34775,5.9716,5.722733333333333,5.6918
