,Top_100,Top_1K,Top_10K,Top_50K,Top_100K,Top_250K,Top_500K
wildcard,6.666666666666667,4.3999999999999995,2.85,2.5250000000000004,2.12,1.8533333333333333,2.02
freehit,2.666666666666667,2.1999999999999997,1.4500000000000002,1.7500000000000002,1.02,0.9199999999999999,1.04
bboost,6.666666666666667,4.8,1.9,1.325,1.06,0.9533333333333333,0.804
3xc,40.0,22.400000000000002,16.0,10.0,6.279999999999999,5.46,4.5600000000000005
