,Top_100,Top_1K,Top_10K,Top_50K,Top_100K,Top_250K,Top_500K
transfers,0.68,1.102,1.2765,1.319,1.3108,1.3333333333333333,1.37216
