,Top_100,Top_1K,Top_10K,Top_50K,Top_100K,Top_250K,Top_500K
transfers,2.9466666666666668,2.014,1.566,1.18075,0.8734,0.9384,0.81496
