,Top_100,Top_1K,Top_10K,Top_50K,Top_100K,Top_250K,Top_500K
transfers,0.32,1.48,0.614,0.605,0.662,0.7178666666666667,0.88612
