,Top_100,Top_1K,Top_10K,Top_50K,Top_100K,Top_250K,Top_500K
wildcard,9.333333333333334,14.799999999999999,17.45,19.1,20.4,21.133333333333333,20.132
freehit,62.66666666666667,50.4,41.05,28.625,23.02,18.373333333333335,15.204
bboost,0.0,0.2,0.0,0.05,0.1,0.07333333333333333,0.07200000000000001
3xc,4.0,0.0,0.2,0.22499999999999998,0.2,0.21333333333333335,0.2
