,Top_100,Top_1K,Top_10K,Top_50K,Top_100K,Top_250K,Top_500K
wildcard,16.0,20.4,27.200000000000003,29.775000000000002,32.300000000000004,27.500000000000004,22.64
freehit,74.66666666666667,52.800000000000004,40.2,30.325000000000003,23.68,19.453333333333333,16.244
bboost,0.0,0.0,0.0,0.0,0.08,0.08,0.092
3xc,0.0,0.4,0.1,0.075,0.16,0.16666666666666669,0.18
