,Top_100,Top_1K,Top_10K,Top_50K,Top_100K,Top_250K,Top_500K
transfers,11.853333333333333,7.718,7.5235,6.86875,6.6284,5.6994,4.8484
