,Top_100,Top_1K,Top_10K,Top_50K,Top_100K,Top_250K,Top_500K
transfers,2.0933333333333333,2.374,3.4065,3.8115,3.4652,3.1089333333333333,2.5904
