,Top_100,Top_1K,Top_10K,Top_50K,Top_100K,Top_250K,Top_500K
transfers,3.4266666666666667,4.014,4.1095,4.121,3.8194,3.3238666666666665,2.46636
