,Top_100,Top_1K,Top_10K,Top_50K,Top_100K,Top_250K,Top_500K
wildcard,18.666666666666668,29.599999999999998,28.849999999999998,27.55,27.939999999999998,25.4,21.332
freehit,0.0,0.0,0.0,0.025,0.04,0.04,0.044000000000000004
bboost,0.0,0.0,0.15,0.125,0.32,0.24666666666666665,0.36
3xc,0.0,0.0,0.0,0.05,0.04,0.03333333333333333,0.032
