,Top_100,Top_1K,Top_10K,Top_50K,Top_100K,Top_250K,Top_500K
transfers,2.8133333333333335,2.342,2.2195,2.279,2.4518,2.6432,2.85208
