,Top_100,Top_1K,Top_10K,Top_50K,Top_100K,Top_250K,Top_500K
transfers,8.466666666666667,9.266,7.9475,7.064,6.515,5.568333333333333,4.62116
