,Top_100,Top_1K,Top_10K,Top_50K,Top_100K,Top_250K,Top_500K
transfers,0.5066666666666667,0.464,0.561,0.648,0.713,0.7654666666666666,0.87896
