,Top_100,Top_1K,Top_10K,Top_50K,Top_100K,Top_250K,Top_500K
transfers,3.1466666666666665,3.06,3.038,3.2445,3.1826,3.206733333333333,2.90752
