,Top_100,Top_1K,Top_10K,Top_50K,Top_100K,Top_250K,Top_500K
transfers,6.906666666666666,6.998,7.207,7.149,7.1388,7.152866666666666,6.73956
