,Top_100,Top_1K,Top_10K,Top_50K,Top_100K,Top_250K,Top_500K
wildcard,24.0,22.6,10.6,6.05,5.28,3.7666666666666666,4.24
freehit,18.666666666666668,8.799999999999999,3.35,1.425,1.34,0.96,0.8840000000000001
bboost,9.333333333333334,11.4,7.85,2.9499999999999997,1.44,1.32,1.1079999999999999
3xc,29.333333333333332,7.000000000000001,2.5,1.075,0.98,0.9733333333333334,0.972
