,Top_100,Top_1K,Top_10K,Top_50K,Top_100K,Top_250K,Top_500K
wildcard,12.0,3.4000000000000004,4.95,3.675,3.4000000000000004,3.386666666666667,3.38
freehit,6.666666666666667,6.0,2.1,2.275,1.24,1.3866666666666667,1.216
bboost,5.333333333333334,4.3999999999999995,2.8000000000000003,1.6500000000000001,1.22,0.9666666666666667,0.776
3xc,4.0,4.3999999999999995,3.5999999999999996,3.0,2.92,2.3266666666666667,1.8880000000000001
