,Top_100,Top_1K,Top_10K,Top_50K,Top_100K,Top_250K,Top_500K
transfers,7.44,5.84,2.7355,1.4725,1.4218,1.1610666666666667,1.13384
