,Top_100,Top_1K,Top_10K,Top_50K,Top_100K,Top_250K,Top_500K
transfers,2.1333333333333333,4.546,1.827,1.57125,1.3678,1.0314666666666668,1.05792
