,Top_100,Top_1K,Top_10K,Top_50K,Top_100K,Top_250K,Top_500K
wildcard,5.333333333333334,6.2,6.2,7.9,8.58,11.693333333333333,13.732
freehit,1.3333333333333335,1.6,0.44999999999999996,0.8500000000000001,0.64,0.7133333333333334,1.052
bboost,0.0,0.0,0.05,0.15,0.08,0.10666666666666667,0.168
3xc,0.0,0.0,0.15,0.22499999999999998,0.18,0.16666666666666669,0.27999999999999997
