,Top_100,Top_1K,Top_10K,Top_50K,Top_100K,Top_250K,Top_500K
transfers,2.066666666666667,3.496,1.94,1.90625,1.5624,1.6885333333333334,1.56472
