,Top_100,Top_1K,Top_10K,Top_50K,Top_100K,Top_250K,Top_500K
transfers,1.92,2.348,2.2585,2.464,2.5202,2.8968666666666665,3.09852
