,Top_100,Top_1K,Top_10K,Top_50K,Top_100K,Top_250K,Top_500K
wildcard,1.3333333333333335,0.4,1.0,0.975,0.96,0.9666666666666667,1.084
freehit,0.0,0.0,0.0,0.0,0.02,0.03333333333333333,0.044000000000000004
bboost,0.0,0.0,0.7000000000000001,0.625,0.7000000000000001,0.8733333333333333,0.972
3xc,0.0,0.0,0.05,0.05,0.02,0.12,0.196
