,Top_100,Top_1K,Top_10K,Top_50K,Top_100K,Top_250K,Top_500K
transfers,0.5866666666666667,0.616,0.605,0.7025,0.6888,0.716,0.74968
