,Top_100,Top_1K,Top_10K,Top_50K,Top_100K,Top_250K,Top_500K
transfers,1.9333333333333333,1.922,1.783,1.83475,1.8302,1.785,1.71916
