,Top_100,Top_1K,Top_10K,Top_50K,Top_100K,Top_250K,Top_500K
transfers,2.0933333333333333,1.116,1.018,1.0655,1.041,1.0433333333333332,1.05292
