,Top_100,Top_1K,Top_10K,Top_50K,Top_100K,Top_250K,Top_500K
wildcard,0.0,0.0,0.0,0.0,0.0,0.0,0.0
freehit,0.0,0.0,0.0,0.0,0.0,0.0,0.0
bboost,25.333333333333336,13.0,8.25,5.45,3.9,3.386666666666667,2.516
3xc,58.666666666666664,53.6,42.449999999999996,29.5,21.2,14.093333333333332,9.612
