,Top_100,Top_1K,Top_10K,Top_50K,Top_100K,Top_250K,Top_500K
wildcard,2.666666666666667,3.2,2.5,2.5250000000000004,2.64,2.92,2.992
freehit,0.0,0.4,0.44999999999999996,0.22499999999999998,0.3,0.46666666666666673,0.492
bboost,0.0,2.4,1.25,0.575,0.84,0.86,0.72
3xc,0.0,0.0,0.05,0.075,0.12,0.13999999999999999,0.18
