,Top_100,Top_1K,Top_10K,Top_50K,Top_100K,Top_250K,Top_500K
transfers,1.5733333333333333,1.358,1.3235,1.26125,1.2578,1.2857333333333334,1.27192
