,Top_100,Top_1K,Top_10K,Top_50K,Top_100K,Top_250K,Top_500K
wildcard,0.0,1.6,1.55,2.1,2.58,2.68,3.712
freehit,5.333333333333334,1.7999999999999998,0.65,0.975,0.88,1.2533333333333334,1.376
bboost,58.666666666666664,61.6,65.10000000000001,65.325,60.980000000000004,57.85333333333333,49.664
3xc,0.0,0.0,0.05,0.3,0.5,0.6466666666666666,0.9199999999999999
