,Top_100,Top_1K,Top_10K,Top_50K,Top_100K,Top_250K,Top_500K
transfers,11.466666666666667,11.262,11.4055,10.9695,10.7854,9.981266666666667,9.02732
