,Top_100,Top_1K,Top_10K,Top_50K,Top_100K,Top_250K,Top_500K
transfers,1.7733333333333334,1.668,1.7975,1.9355,1.7884,1.7256666666666667,1.70972
