,Top_100,Top_1K,Top_10K,Top_50K,Top_100K,Top_250K,Top_500K
transfers,8.773333333333333,10.314,9.944,8.58625,7.061,6.5206,4.91716
