,Top_100,Top_1K,Top_10K,Top_50K,Top_100K,Top_250K,Top_500K
transfers,0.7466666666666667,0.832,1.0075,1.1135,1.2716,1.2442666666666666,1.38284
