,Top_100,Top_1K,Top_10K,Top_50K,Top_100K,Top_250K,Top_500K
transfers,1.2533333333333334,1.174,1.2555,1.269,1.3028,1.3659333333333334,1.39768
