,Top_100,Top_1K,Top_10K,Top_50K,Top_100K,Top_250K,Top_500K
wildcard,2.666666666666667,4.3999999999999995,3.25,3.15,3.54,3.3066666666666666,3.5680000000000005
freehit,2.666666666666667,1.2,1.0,0.65,0.6799999999999999,0.9466666666666667,1.004
bboost,6.666666666666667,3.2,2.0,1.975,1.82,1.7466666666666666,1.7000000000000002
3xc,25.333333333333336,16.2,15.25,15.5,14.680000000000001,14.573333333333332,13.38
