,Top_100,Top_1K,Top_10K,Top_50K,Top_100K,Top_250K,Top_500K
wildcard,17.333333333333336,13.200000000000001,9.45,7.2749999999999995,5.42,4.42,4.06
freehit,1.3333333333333335,0.4,0.15,0.3,0.26,0.4,0.496
bboost,2.666666666666667,2.1999999999999997,1.35,1.35,1.26,1.0266666666666666,1.16
3xc,4.0,0.0,0.1,0.125,0.2,0.24666666666666665,0.26
