,Top_100,Top_1K,Top_10K,Top_50K,Top_100K,Top_250K,Top_500K
transfers,6.453333333333333,1.678,1.6335,1.656,1.6874,1.7591333333333334,1.77652
