,Top_100,Top_1K,Top_10K,Top_50K,Top_100K,Top_250K,Top_500K
transfers,3.1066666666666665,2.334,1.791,1.60925,1.4408,1.3828666666666667,1.34776
