,Top_100,Top_1K,Top_10K,Top_50K,Top_100K,Top_250K,Top_500K
transfers,1.7733333333333334,1.586,1.3865,1.29475,1.317,1.321,1.28892
