,Top_100,Top_1K,Top_10K,Top_50K,Top_100K,Top_250K,Top_500K
transfers,1.08,1.31,1.138,1.12725,1.1794,1.2116,1.19512
