,Top_100,Top_1K,Top_10K,Top_50K,Top_100K,Top_250K,Top_500K
transfers,1.1066666666666667,1.086,1.061,1.018,0.9294,0.9530666666666666,0.95316
