,Top_100,Top_1K,Top_10K,Top_50K,Top_100K,Top_250K,Top_500K
transfers,1.0133333333333334,1.17,1.262,1.369,1.4504,1.4373333333333334,1.38056
