,Top_100,Top_1K,Top_10K,Top_50K,Top_100K,Top_250K,Top_500K
transfers,3.7333333333333334,2.434,2.363,2.29875,2.2514,2.0922,1.87788
