,Top_100,Top_1K,Top_10K,Top_50K,Top_100K,Top_250K,Top_500K
transfers,1.3466666666666667,1.768,1.833,1.799,2.042,1.8898,1.83804
