,Top_100,Top_1K,Top_10K,Top_50K,Top_100K,Top_250K,Top_500K
transfers,6.2,5.272,5.4525,5.2505,4.9446,4.349933333333333,3.92936
