,Top_100,Top_1K,Top_10K,Top_50K,Top_100K,Top_250K,Top_500K
transfers,1.9333333333333333,2.418,2.2365,2.409,2.5972,2.6228,2.72476
