,Top_100,Top_1K,Top_10K,Top_50K,Top_100K,Top_250K,Top_500K
transfers,0.76,0.918,0.849,0.85825,0.9194,0.8984,0.88624
