,Top_100,Top_1K,Top_10K,Top_50K,Top_100K,Top_250K,Top_500K
transfers,1.6666666666666667,1.882,2.1595,2.448,2.5124,2.5200666666666667,2.50688
