,Top_100,Top_1K,Top_10K,Top_50K,Top_100K,Top_250K,Top_500K
transfers,3.48,2.462,2.6245,2.62875,2.6992,2.7434666666666665,2.86476
