,Top_100,Top_1K,Top_10K,Top_50K,Top_100K,Top_250K,Top_500K
transfers,2.6533333333333333,5.244,4.726,4.62,4.243,3.5542666666666665,2.938
