,Top_100,Top_1K,Top_10K,Top_50K,Top_100K,Top_250K,Top_500K
transfers,1.1866666666666668,0.786,0.891,1.0175,1.1346,1.0696,1.00424
