,Top_100,Top_1K,Top_10K,Top_50K,Top_100K,Top_250K,Top_500K
transfers,1.4933333333333334,1.258,1.0835,1.2815,1.2404,1.3568,1.36912
