,Top_100,Top_1K,Top_10K,Top_50K,Top_100K,Top_250K,Top_500K
wildcard,0.0,1.0,0.2,0.4,0.5,0.6733333333333333,0.748
freehit,0.0,0.8,0.44999999999999996,0.65,1.02,1.1733333333333333,1.2919999999999998
bboost,0.0,0.0,0.05,0.05,0.06,0.1,0.11199999999999999
3xc,0.0,1.0,0.44999999999999996,1.125,1.34,1.633333333333333,2.172
