,Top_100,Top_1K,Top_10K,Top_50K,Top_100K,Top_250K,Top_500K
transfers,1.0933333333333333,1.48,1.3825,1.30925,1.313,1.3268,1.26812
