,Top_100,Top_1K,Top_10K,Top_50K,Top_100K,Top_250K,Top_500K
transfers,2.12,1.728,1.549,1.446,1.3716,1.3446666666666667,1.31664
