,Top_100,Top_1K,Top_10K,Top_50K,Top_100K,Top_250K,Top_500K
transfers,4.72,1.376,1.418,1.40675,1.407,1.3903333333333334,1.40768
