,Top_100,Top_1K,Top_10K,Top_50K,Top_100K,Top_250K,Top_500K
wildcard,13.333333333333334,11.200000000000001,13.3,10.4,9.22,8.413333333333334,8.108
freehit,8.0,14.2,10.0,6.05,3.94,2.56,2.116
bboost,2.666666666666667,3.2,1.8499999999999999,1.15,1.06,0.8333333333333334,0.7080000000000001
3xc,16.0,15.4,6.35,3.875,3.46,2.1133333333333333,1.6680000000000001
