,Top_100,Top_1K,Top_10K,Top_50K,Top_100K,Top_250K,Top_500K
transfers,1.0933333333333333,0.558,0.688,0.60975,0.614,0.7285333333333334,0.82608
