,Top_100,Top_1K,Top_10K,Top_50K,Top_100K,Top_250K,Top_500K
transfers,5.053333333333334,4.754,4.2005,3.42925,2.8254,2.5405333333333333,2.31176
