,Top_100,Top_1K,Top_10K,Top_50K,Top_100K,Top_250K,Top_500K
transfers,6.48,3.534,2.6865,2.166,1.8934,1.8740666666666668,1.74484
