,Top_100,Top_1K,Top_10K,Top_50K,Top_100K,Top_250K,Top_500K
transfers,0.9866666666666667,1.026,1.1715,1.2065,1.3302,1.4744666666666666,1.60752
