,Top_100,Top_1K,Top_10K,Top_50K,Top_100K,Top_250K,Top_500K
wildcard,8.0,9.6,9.9,9.5,8.86,8.72,7.327999999999999
freehit,0.0,0.0,0.1,0.15,0.38,0.22,0.336
bboost,5.333333333333334,2.6,1.5,2.775,3.0,2.9733333333333336,3.044
3xc,0.0,0.2,0.15,0.375,0.5599999999999999,0.5,0.604
