,Top_100,Top_1K,Top_10K,Top_50K,Top_100K,Top_250K,Top_500K
transfers,1.9733333333333334,2.246,2.227,2.10325,2.0966,2.0159333333333334,1.8842
