,Top_100,Top_1K,Top_10K,Top_50K,Top_100K,Top_250K,Top_500K
transfers,1.32,1.246,1.1855,1.29875,1.2932,1.3162,1.38336
