,Top_100,Top_1K,Top_10K,Top_50K,Top_100K,Top_250K,Top_500K
wildcard,0.0,0.0,0.05,0.25,0.42,0.6466666666666666,1.1159999999999999
freehit,0.0,0.0,0.35000000000000003,0.5,0.5599999999999999,1.1933333333333334,1.4080000000000001
bboost,0.0,2.0,1.4000000000000001,2.875,4.08,7.953333333333333,12.396
3xc,0.0,0.2,0.8,1.375,2.52,3.5333333333333337,4.828
