,Top_100,Top_1K,Top_10K,Top_50K,Top_100K,Top_250K,Top_500K
transfers,1.16,1.246,1.281,1.31975,1.3288,1.3568,1.30904
