,Top_100,Top_1K,Top_10K,Top_50K,Top_100K,Top_250K,Top_500K
transfers,1.2266666666666666,1.226,1.2915,1.2895,1.3568,1.3679333333333332,1.30784
