,Top_100,Top_1K,Top_10K,Top_50K,Top_100K,Top_250K,Top_500K
wildcard,0.0,0.0,0.5499999999999999,0.475,0.7799999999999999,1.3599999999999999,2.168
freehit,0.0,0.2,1.3,1.9,2.56,2.6066666666666665,3.2239999999999998
bboost,1.3333333333333335,1.0,1.35,1.6500000000000001,2.78,4.12,5.896
3xc,0.0,2.8000000000000003,2.5,4.025,4.62,5.946666666666667,8.012
