,Top_100,Top_1K,Top_10K,Top_50K,Top_100K,Top_250K,Top_500K
transfers,1.52,1.36,1.6125,1.74,1.9258,1.9915333333333334,2.18372
