,Top_100,Top_1K,Top_10K,Top_50K,Top_100K,Top_250K,Top_500K
wildcard,20.0,17.599999999999998,17.849999999999998,17.0,16.64,15.713333333333335,16.108
freehit,10.666666666666668,8.4,6.15,4.324999999999999,4.1000000000000005,3.4866666666666664,2.8080000000000003
bboost,1.3333333333333335,0.2,0.65,0.15,0.33999999999999997,0.2533333333333333,0.292
3xc,1.3333333333333335,0.6,1.0,0.5,0.4,0.4266666666666667,0.348
