,Top_100,Top_1K,Top_10K,Top_50K,Top_100K,Top_250K,Top_500K
wildcard,26.666666666666668,21.0,22.85,19.875,19.24,18.873333333333335,17.528
freehit,9.333333333333334,6.800000000000001,4.7,4.425,3.36,3.1,2.6759999999999997
bboost,0.0,0.4,0.4,0.4,0.45999999999999996,0.35333333333333333,0.35200000000000004
3xc,1.3333333333333335,0.4,0.8,0.475,0.4,0.35333333333333333,0.432
