,Top_100,Top_1K,Top_10K,Top_50K,Top_100K,Top_250K,Top_500K
transfers,6.613333333333333,5.512,4.893,4.2775,4.1078,3.861666666666667,3.67592
