,Top_100,Top_1K,Top_10K,Top_50K,Top_100K,Top_250K,Top_500K
transfers,9.053333333333333,5.448,4.6575,4.42575,4.1346,3.884533333333333,3.6128
