,Top_100,Top_1K,Top_10K,Top_50K,Top_100K,Top_250K,Top_500K
transfers,5.653333333333333,4.262,4.1535,3.9045,3.6604,3.4657333333333336,3.39548
