,Top_100,Top_1K,Top_10K,Top_50K,Top_100K,Top_250K,Top_500K
transfers,1.0266666666666666,1.136,1.084,1.0735,1.0894,1.0967333333333333,1.05708
