,Top_100,Top_1K,Top_10K,Top_50K,Top_100K,Top_250K,Top_500K
transfers,7.746666666666667,6.334,7.0355,7.252,6.7902,5.7526,4.22172
