,Top_100,Top_1K,Top_10K,Top_50K,Top_100K,Top_250K,Top_500K
transfers,0.8,0.904,0.886,0.98125,1.1146,1.179,1.30208
