,Top_100,Top_1K,Top_10K,Top_50K,Top_100K,Top_250K,Top_500K
wildcard,2.666666666666667,2.6,2.4,2.65,2.58,2.82,3.088
freehit,0.0,0.0,0.1,0.075,0.08,0.09333333333333334,0.12
bboost,0.0,0.2,0.05,0.675,0.6,0.52,0.732
3xc,0.0,0.0,0.05,0.15,0.27999999999999997,0.26666666666666666,0.232
