,Top_100,Top_1K,Top_10K,Top_50K,Top_100K,Top_250K,Top_500K
wildcard,24.0,15.2,14.75,12.975,12.98,14.393333333333333,15.584000000000001
freehit,0.0,1.6,1.25,1.075,1.1199999999999999,1.0933333333333333,1.5
bboost,0.0,0.0,0.0,0.05,0.06,0.013333333333333334,0.06
3xc,0.0,0.0,0.0,0.025,0.02,0.0,0.016
