,Top_100,Top_1K,Top_10K,Top_50K,Top_100K,Top_250K,Top_500K
transfers,0.96,0.85,0.9765,1.01125,1.0238,1.038,1.11668
