,Top_100,Top_1K,Top_10K,Top_50K,Top_100K,Top_250K,Top_500K
transfers,4.6,3.644,3.5385,3.3255,3.318,3.3676666666666666,3.45444
