,Top_100,Top_1K,Top_10K,Top_50K,Top_100K,Top_250K,Top_500K
transfers,2.8133333333333335,3.14,2.9785,3.20425,3.1158,3.3102,3.4596
