,Top_100,Top_1K,Top_10K,Top_50K,Top_100K,Top_250K,Top_500K
transfers,1.1066666666666667,0.904,0.9475,0.97725,0.992,1.0192666666666668,1.00236
