,Top_100,Top_1K,Top_10K,Top_50K,Top_100K,Top_250K,Top_500K
transfers,1.16,1.194,1.288,1.54925,1.643,1.8187333333333333,1.85784
