,Top_100,Top_1K,Top_10K,Top_50K,Top_100K,Top_250K,Top_500K
wildcard,0.0,0.6,1.0,0.8,1.1199999999999999,1.3533333333333333,1.564
freehit,0.0,0.0,0.0,0.05,0.04,0.03333333333333333,0.024
bboost,0.0,0.0,0.1,0.05,0.06,0.10666666666666667,0.208
3xc,0.0,0.0,0.0,0.0,0.0,0.03333333333333333,0.04
