,Top_100,Top_1K,Top_10K,Top_50K,Top_100K,Top_250K,Top_500K
transfers,0.9733333333333334,1.146,1.1495,1.11775,1.1604,1.1538666666666666,1.13504
