,Top_100,Top_1K,Top_10K,Top_50K,Top_100K,Top_250K,Top_500K
transfers,2.5866666666666664,3.204,3.443,3.2485,3.261,3.1696666666666666,2.75128
