,Top_100,Top_1K,Top_10K,Top_50K,Top_100K,Top_250K,Top_500K
wildcard,1.3333333333333335,1.4000000000000001,1.15,1.875,2.18,3.3466666666666667,4.052
freehit,48.0,46.0,39.85,30.025000000000002,25.52,19.006666666666668,12.32
bboost,4.0,7.199999999999999,5.75,7.175,8.28,10.353333333333333,11.863999999999999
3xc,0.0,1.6,1.4000000000000001,2.625,4.14,5.12,7.327999999999999
