,Top_100,Top_1K,Top_10K,Top_50K,Top_100K,Top_250K,Top_500K
transfers,12.773333333333333,12.356,10.7045,8.223,7.0064,5.517533333333334,4.13948
