,Top_100,Top_1K,Top_10K,Top_50K,Top_100K,Top_250K,Top_500K
transfers,17.613333333333333,16.872,14.388,10.10775,8.1414,5.976733333333334,4.3224
