,Top_100,Top_1K,Top_10K,Top_50K,Top_100K,Top_250K,Top_500K
transfers,1.7466666666666666,1.706,1.721,1.7905,1.893,1.8093333333333332,1.8926
