,Top_100,Top_1K,Top_10K,Top_50K,Top_100K,Top_250K,Top_500K
transfers,3.973333333333333,2.22,3.132,3.49475,3.805,4.565666666666667,5.15596
