,Top_100,Top_1K,Top_10K,Top_50K,Top_100K,Top_250K,Top_500K
transfers,1.5866666666666667,2.046,2.0695,1.98475,1.8156,1.775,1.61196
