,Top_100,Top_1K,Top_10K,Top_50K,Top_100K,Top_250K,Top_500K
transfers,2.026666666666667,2.128,2.4615,2.85425,2.879,2.9366666666666665,2.89724
