,Top_100,Top_1K,Top_10K,Top_50K,Top_100K,Top_250K,Top_500K
transfers,0.6666666666666666,0.822,0.7585,0.748,0.7212,0.8172,0.91452
