,Top_100,Top_1K,Top_10K,Top_50K,Top_100K,Top_250K,Top_500K
wildcard,0.0,0.0,1.2,0.975,0.74,0.9933333333333334,1.008
freehit,0.0,0.0,0.0,0.025,0.0,0.05333333333333334,0.064
bboost,0.0,0.6,0.5499999999999999,0.42500000000000004,0.8,0.46666666666666673,0.536
3xc,0.0,1.6,0.6,0.6,0.32,0.5599999999999999,0.588
