,Top_100,Top_1K,Top_10K,Top_50K,Top_100K,Top_250K,Top_500K
transfers,0.5466666666666666,0.558,0.666,0.68525,0.6664,0.7098,0.72844
