,Top_100,Top_1K,Top_10K,Top_50K,Top_100K,Top_250K,Top_500K
wildcard,12.0,10.4,8.5,7.9750000000000005,7.22,7.62,7.9799999999999995
freehit,13.333333333333334,11.0,9.950000000000001,10.25,11.24,11.473333333333334,12.764000000000001
bboost,0.0,0.0,0.05,0.025,0.08,0.08,0.032
3xc,0.0,0.6,1.5,1.375,1.6199999999999999,2.02,2.1479999999999997
