,Top_100,Top_1K,Top_10K,Top_50K,Top_100K,Top_250K,Top_500K
transfers,7.413333333333333,4.776,4.1275,4.14,4.1554,4.151866666666667,4.16216
