,Top_100,Top_1K,Top_10K,Top_50K,Top_100K,Top_250K,Top_500K
wildcard,5.333333333333334,6.2,7.75,8.200000000000001,8.14,8.219999999999999,8.112
freehit,1.3333333333333335,1.7999999999999998,1.4000000000000001,1.15,0.7799999999999999,0.7866666666666666,0.64
bboost,4.0,3.0,1.15,1.325,1.26,0.9666666666666667,0.9079999999999999
3xc,0.0,0.2,0.3,0.325,0.24,0.19333333333333333,0.16
