,Top_100,Top_1K,Top_10K,Top_50K,Top_100K,Top_250K,Top_500K
transfers,3.1333333333333333,1.33,1.6745,1.41975,1.5244,1.4531333333333334,1.4008
