,Top_100,Top_1K,Top_10K,Top_50K,Top_100K,Top_250K,Top_500K
transfers,1.44,1.6,1.6445,1.585,1.6322,1.6682666666666666,1.65916
