,Top_100,Top_1K,Top_10K,Top_50K,Top_100K,Top_250K,Top_500K
wildcard,0.0,0.0,0.8,1.225,1.7399999999999998,1.58,2.36
freehit,0.0,0.0,0.3,0.075,0.48,0.42,0.712
bboost,0.0,0.0,0.44999999999999996,0.27499999999999997,0.44,0.26,0.312
3xc,0.0,0.8,0.15,0.2,0.64,0.72,0.984
