,Top_100,Top_1K,Top_10K,Top_50K,Top_100K,Top_250K,Top_500K
transfers,1.2533333333333334,1.542,1.5075,1.5085,1.4106,1.4345333333333334,1.3754
