,Top_100,Top_1K,Top_10K,Top_50K,Top_100K,Top_250K,Top_500K
wildcard,24.0,9.0,9.2,8.25,8.799999999999999,8.393333333333333,8.336
freehit,8.0,12.0,10.75,10.274999999999999,10.059999999999999,10.646666666666667,10.224
bboost,0.0,0.0,0.0,0.0,0.0,0.02666666666666667,0.02
3xc,0.0,0.0,0.0,0.1,0.02,0.02,0.036000000000000004
