,Top_100,Top_1K,Top_10K,Top_50K,Top_100K,Top_250K,Top_500K
transfers,4.16,3.874,3.5795,3.45225,3.451,3.3984,3.25404
