,Top_100,Top_1K,Top_10K,Top_50K,Top_100K,Top_250K,Top_500K
transfers,2.2933333333333334,2.188,2.014,1.8905,1.951,1.8139333333333334,1.71312
